{
  "buildCommand": "npm run build",
  "outputDirectory": "dist",
  "framework": "vite",
  "installCommand": "npm install --legacy-peer-deps",
  "rewrites": [
    {
      "source": "/(.*)",
      "destination": "/index.html"
    }
  ],
  "headers": [
    {
      "source": "/(.*)",
      "headers": [
        {
          "key": "X-Frame-Options",
          "value": "SAMEORIGIN"
        },
        {
          "key": "X-Content-Type-Options",
          "value": "nosniff"
        },
        {
          "key": "X-XSS-Protection",
          "value": "1; mode=block"
        },
        {
          "key": "Referrer-Policy",
          "value": "strict-origin-when-cross-origin"
        },
        {
          "key": "Permissions-Policy",
          "value": "camera=(), microphone=(), geolocation=()"
        }
      ]
    },
    {
      "source": "/(.*)",
      "headers": [
        {
          "key": "Strict-Transport-Security",
          "value": "max-age=63072000; includeSubDomains; preload"
        }
      ]
    },
    {
      "source": "/(.*)",
      "headers": [
        {
          "key": "Content-Security-Policy",
          "value": "default-src 'self'; script-src 'self' 'unsafe-inline' 'unsafe-eval' https://cdn.jsdelivr.net data:; style-src 'self' 'unsafe-inline' https://fonts.googleapis.com; font-src 'self' https://fonts.gstatic.com data:; img-src 'self' data: https: blob:; connect-src 'self' https://*.supabase.co https://api.openai.com https://*.sentry.io; frame-ancestors 'self'; base-uri 'self'; form-action 'self'"
        },
        {
          "key": "Cross-Origin-Opener-Policy",
          "value": "same-origin"
        }
      ]
    }
  ]
}
